{
    "data":{
        "index":{
            "array":[0,1,2,3,4,5,6,7,8,9,10,11,12,13,14,15,16,17,15,18,19,20,21,22,20,23,18,24,25,26,24,19,23,19,18,23,27,28,29,27,30,31,32,33,34,32,35,30,36,37,38,36,31,35,31,30,35,39,40,41,39,42,43,44,45,46,44,47,42,48,49,50,48,43,47,43,42,47,51,52,53,51,54,55,56,57,58,56,59,54,60,61,62,60,55,59,55,54,59,63,64,65,63,66,67,68,69,70,68,71,66,72,73,74,72,67,71,67,66,71,75,76,77,75,78,79,80,81,82,80,83,78,84,85,86,84,79,83,79,78,83,87,88,89,87,90,91,92,93,94,92,95,90,96,97,98,96,91,95,91,90,95,99,100,101,99,102,103,104,105,106,104,107,102,108,109,110,108,103,107,103,102,107,17,28,15,15,36,21,21,38,22,22,57,20,20,51,25,51,26,25,26,64,24,24,72,16,16,74,17,34,40,32,32,48,37,48,38,37,29,81,27,27,75,33,33,77,34,46,61,44,44,56,49,49,58,50,41,93,39,39,87,45,45,89,46,62,100,60,60,108,52,52,110,53,70,85,68,68,80,73,73,82,74,65,109,63,63,104,69,104,70,69,86,97,84,84,92,76,76,94,77,106,96,98,96,99,88,88,101,89,111,112,113,0,114,1,3,115,4,6,116,7,9,117,10,12,118,13,15,19,16,15,21,18,20,18,21,20,25,23,24,23,25,24,16,19,27,31,28,27,33,30,32,30,33,32,37,35,36,35,37,36,28,31,39,43,40,39,45,42,44,42,45,44,49,47,48,47,49,48,40,43,51,55,52,51,57,54,56,54,57,56,61,59,60,59,61,60,52,55,63,67,64,63,69,66,68,66,69,68,73,71,72,71,73,72,64,67,75,79,76,75,81,78,80,78,81,80,85,83,84,83,85,84,76,79,87,91,88,87,93,90,92,90,93,92,97,95,96,95,97,96,88,91,99,103,100,99,105,102,104,102,105,104,109,107,108,107,109,108,100,103,17,29,28,15,28,36,21,36,38,22,58,57,20,57,51,51,53,26,26,65,64,24,64,72,16,72,74,34,41,40,32,40,48,48,50,38,29,82,81,27,81,75,33,75,77,46,62,61,44,61,56,49,56,58,41,94,93,39,93,87,45,87,89,62,101,100,60,100,108,52,108,110,70,86,85,68,85,80,73,80,82,65,110,109,63,109,104,104,106,70,86,98,97,84,97,92,76,92,94,106,105,96,96,105,99,88,99,101,111,119,112],
            "itemSize":1,
            "type":"Uint16Array"
        },
        "attributes":{
            "position":{
                "array":[0.942,0.0579999,-1,-0.942,1.942,-1,0.942001,1.942,-1,0.942,5.96046e-08,0.942,-0.942,0,-0.942,0.942,0,-0.942,-1,0.058,0.942,-1,1.942,-0.942,-1,0.0579999,-0.942,0.942,2,-0.942,-0.942,2,0.942,0.941999,2,0.942001,0.941999,1.942,1,-0.942,0.058,1,0.942,0.058,1,0.995884,0.0261766,-0.942,0.995887,0.0579999,-0.973816,1,0.0579999,-0.942,0.973775,0.00884783,-0.973774,0.991152,0.0262253,-0.973775,0.942,0.00411576,-0.973823,0.973816,0.0041129,-0.942,0.942,0,-0.942,0.973775,0.0262253,-0.991152,0.973823,0.0579999,-0.995884,0.942,0.0261841,-0.995887,0.942,0.0579999,-1,0.995884,0.058,0.973823,0.995887,0.0261842,0.942,1,0.058,0.942,0.973775,0.0262254,0.991152,0.991152,0.0262254,0.973775,0.942,0.0261768,0.995884,0.973816,0.058,0.995887,0.942,0.058,1,0.973775,0.00884795,0.973775,0.973823,0.00411588,0.942,0.942,0.00411302,0.973816,0.942,5.96046e-08,0.942,-0.973823,0.058,0.995884,-0.942,0.0261842,0.995887,-0.942,0.058,1,-0.991152,0.0262254,0.973775,-0.973775,0.0262254,0.991152,-0.995884,0.0261768,0.942,-0.995887,0.058,0.973816,-1,0.058,0.942,-0.973775,0.00884795,0.973774,-0.942,0.00411588,0.973823,-0.973816,0.00411302,0.942,-0.942,5.96046e-08,0.942,-0.942,0.0261766,-0.995885,-0.973815,0.0579999,-0.995887,-0.942,0.0579999,-1,-0.973774,0.00884783,-0.973775,-0.973774,0.0262253,-0.991153,-0.973823,0.00411576,-0.942,-0.942,0.0041129,-0.973816,-0.942,0,-0.942,-0.991152,0.0262253,-0.973775,-0.995884,0.0579999,-0.973824,-0.995887,0.0261841,-0.942,-1,0.0579999,-0.942,0.942001,1.97382,-0.995884,0.973816,1.942,-0.995887,0.942001,1.942,-1,0.973775,1.99115,-0.973774,0.973775,1.97377,-0.991152,0.973824,1.99588,-0.942,0.942001,1.99589,-0.973815,0.942,2,-0.942,0.991153,1.97377,-0.973774,0.995885,1.942,-0.973823,0.995888,1.97382,-0.942,1,1.942,-0.942,0.973823,1.942,0.995885,0.941999,1.97382,0.995887,0.941999,1.942,1,0.991152,1.97377,0.973775,0.973774,1.97377,0.991153,0.995884,1.97382,0.942,0.995886,1.942,0.973816,0.999999,1.942,0.942001,0.973774,1.99115,0.973775,0.941999,1.99588,0.973824,0.973815,1.99589,0.942,0.941999,2,0.942001,-0.995885,1.942,0.973823,-0.995887,1.97382,0.941999,-1,1.942,0.942,-0.973775,1.97377,0.991152,-0.991153,1.97377,0.973774,-0.942,1.97382,0.995884,-0.973816,1.942,0.995887,-0.942,1.942,1,-0.973775,1.99115,0.973774,-0.973824,1.99588,0.941999,-0.942,1.99589,0.973815,-0.942,2,0.942,-0.995884,1.97382,-0.942,-0.995887,1.942,-0.973816,-1,1.942,-0.942,-0.973775,1.99115,-0.973775,-0.991152,1.97377,-0.973775,-0.942,1.99588,-0.973823,-0.973816,1.99589,-0.942,-0.942,2,-0.942,-0.973774,1.97377,-0.991152,-0.973823,1.942,-0.995884,-0.942,1.97382,-0.995887,-0.942,1.942,-1,1,1.942,-0.942,1,0.058,0.942,1,0.0579999,-0.942,-0.942,0.0579999,-1,-0.942,5.96046e-08,0.942,-1,1.942,0.942,-0.942,2,-0.942,-0.942,1.942,1,0.999999,1.942,0.942001],
                "itemSize":3,
                "type":"Float32Array"
            },
            "normal":{
                "array":[0,0,-0.999969,0,0,-1,0,0,-1,0,-1,0,0,-1,0,0,-0.999969,0,-1,0,0,-1,0,0,-1,0,0,0,1,0,0,0.999969,0,0,1,0,0,0,1,0,0,1,0,0,0.999969,0.897214,-0.436995,-0.0634785,0.897275,-0.0634785,-0.436872,0.992676,-0.0852992,-0.0852687,0.401685,-0.822962,-0.401654,0.822962,-0.401654,-0.401685,0.0634785,-0.897214,-0.436995,0.436872,-0.897275,-0.0634785,0.0852687,-0.992676,-0.0852992,0.401654,-0.401685,-0.822962,0.436995,-0.0634785,-0.897214,0.0634785,-0.436872,-0.897275,0.0852992,-0.0852687,-0.992676,0.897214,-0.0634785,0.436995,0.897275,-0.436872,0.0634785,0.992676,-0.0852687,0.0852992,0.401685,-0.401654,0.822962,0.822962,-0.401685,0.401654,0.0634785,-0.436995,0.897214,0.436842,-0.0634785,0.897275,0.0852687,-0.0852992,0.992676,0.401654,-0.822962,0.401685,0.436995,-0.897214,0.0634785,0.0634785,-0.897275,0.436872,0.0852992,-0.992676,0.0852687,-0.436995,-0.0634785,0.897214,-0.0634785,-0.436872,0.897275,-0.0852992,-0.0852687,0.992676,-0.822962,-0.401654,0.401685,-0.401654,-0.401685,0.822962,-0.897214,-0.436995,0.0634785,-0.897275,-0.0634785,0.436872,-0.992676,-0.0852992,0.0852687,-0.401685,-0.822962,0.401654,-0.0634785,-0.897214,0.436995,-0.436872,-0.897275,0.0634785,-0.0852687,-0.992676,0.0852992,-0.0634785,-0.436995,-0.897214,-0.436842,-0.0634785,-0.897275,-0.0852687,-0.0852992,-0.992676,-0.401654,-0.822962,-0.401685,-0.401685,-0.401654,-0.822962,-0.436995,-0.897214,-0.0634785,-0.0634785,-0.897275,-0.436842,-0.0852992,-0.992676,-0.0852687,-0.822962,-0.401685,-0.401654,-0.897214,-0.0634785,-0.436995,-0.897275,-0.436872,-0.0634785,-0.992676,-0.0852687,-0.0852992,0.0634785,0.436995,-0.897214,0.436872,0.0634785,-0.897275,0.0852687,0.0852992,-0.992676,0.401654,0.822962,-0.401654,0.401685,0.401654,-0.822962,0.436995,0.897214,-0.0634785,0.0634785,0.897275,-0.436842,0.0852992,0.992676,-0.0852687,0.822962,0.401685,-0.401654,0.897214,0.0634785,-0.436995,0.897275,0.436842,-0.0634785,0.992676,0.0852687,-0.0852992,0.436995,0.0634785,0.897214,0.0634785,0.436872,0.897275,0.0852992,0.0852687,0.992676,0.822962,0.401654,0.401685,0.401654,0.401685,0.822962,0.897214,0.436995,0.0634785,0.897275,0.0634785,0.436872,0.992676,0.0852992,0.0852687,0.401685,0.822962,0.401654,0.0634785,0.897214,0.436995,0.436842,0.897275,0.0634785,0.0852687,0.992676,0.0852992,-0.897214,0.0634785,0.436995,-0.897275,0.436872,0.0634785,-0.992676,0.0852687,0.0852992,-0.401685,0.401654,0.822962,-0.822962,0.401685,0.401654,-0.0634785,0.436995,0.897214,-0.436872,0.0634785,0.897275,-0.0852687,0.0852992,0.992676,-0.401654,0.822962,0.401685,-0.436995,0.897214,0.0634785,-0.0634785,0.897275,0.436872,-0.0852992,0.992676,0.0852687,-0.897214,0.436995,-0.0634785,-0.897275,0.0634785,-0.436842,-0.992676,0.0852992,-0.0852687,-0.401685,0.822962,-0.401654,-0.822962,0.401654,-0.401685,-0.0634785,0.897214,-0.436995,-0.436872,0.897275,-0.0634785,-0.0852687,0.992676,-0.0852992,-0.401654,0.401685,-0.822962,-0.436995,0.0634785,-0.897214,-0.0634785,0.436842,-0.897275,-0.0852992,0.0852687,-0.992676,0.999969,0,0,0.999969,0,0,1,0,0,0,0,-0.999969,0,-1,0,-1,0,0,0,1,0,0,0,1,1,0,0],
                "itemSize":3,
                "type":"Float32Array"
            }
        },